Candidate,Constituency,Party,Criminal Case(s),Education,Total Assets,Liabilities
Godam Nagesh,ADILABAD,TRS,0,Post Graduate,Rs 10378857 ,Rs 148784 
Dr. Ramshankar Katheria,AGRA,BJP, 21 ,Doctorate,Rs 14634885 ,Rs 4035000 
Paresh Dahyalal Rawal,AHMEDABAD EAST,BJP,0,12th Pass,Rs 795211576 ,Rs 81472461 
Dr. Solanki Kiritbhai Premjibhai,AHMEDABAD WEST,BJP,0,Post Graduate,Rs 34085266 ,Rs 208007 
Gandhi Dilipkumar Mansukhlal,AHMEDNAGAR,BJP, 16 ,10th Pass,Rs 65316725 ,Rs 34176876 
Sanwar Lal Jat,AJMER,BJP,0,Doctorate,Rs 18064656 ,Rs 0 
Devendra Singh Urf Bhole Singh,AKBARPUR,BJP,0,10th Pass,Rs 28546617 ,Rs 559965 
Dhotre Sanjay Shyamrao,AKOLA,BJP, 3 ,Graduate Professional,Rs 48501735 ,Rs 6928458 
K C Venugopal,ALAPPUZHA,INC,0,Post Graduate,Rs 12856075 ,Rs 456010 
P.K.Biju,ALATHUR,CPI(M),0,Post Graduate,Rs 3231047 ,Rs 341749 
Satish Kumar,ALIGARH,BJP, 1 ,10th Pass,Rs 52180006 ,Rs 754800 
Dasrath Tirkey,ALIPURDUARS,AITC,0,Graduate,Rs 3550353 ,Rs 293909 
Shyama Charan Gupta,ALLAHABAD,BJP,0,Graduate Professional,Rs 472851707 ,Rs 0 
Ajay Tamta,ALMORA,BJP,0,12th Pass,Rs 6366653 ,Rs 2757846 
Mahant Chand Nath Yogi,ALWAR,BJP,0,Graduate,Rs 199653 ,Rs 0 
Pandula Ravindra Babu,AMALAPURAM,TDP,0,Graduate Professional,Rs 27131000 ,Rs 3000000 
Rattan Lal Kataria,AMBALA,BJP,0,Post Graduate,Rs 42150634 ,Rs 843229 
Hariom,AMBEDKAR NAGAR,BJP,0,Post Graduate,Rs 15318114 ,Rs 0 
Rahul Gandhi,AMETHI,INC,0,Post Graduate,Rs 94006549 ,Rs 1800000 
Adsul Anandrao Vithoba,AMRAVATI,SHS, 1 ,Graduate,Rs 32596257 ,Rs 1587104 
Kachhadiya Naranbhai Bhikhabhai,AMRELI,BJP, 2 ,12th Pass,Rs 34164801 ,Rs 4971590 
Captain Amarinder Singh,AMRITSAR,INC, 3 ,Graduate,Rs 863564071 ,Rs 4853456 
Kanwar Singh Tanwar,AMROHA,BJP,0,5th Pass,Rs 1788430770 ,Rs 4036151 
Muttamsetti Srinivasa Rao,ANAKAPALLE,TDP, 1 ,Illiterate,Rs 213294327 ,Rs 64899193 
Patel Dilipbhai Manibhai,ANAND,BJP, 4 ,10th Pass,Rs 75998610 ,Rs 7632620 
Prem Singh Chandumajra,ANANDPUR SAHIB,SAD,0,Post Graduate,Rs 141599902 ,Rs 2248200 
Jutur Chinna Reddy Divakar Reddy,ANANTAPUR,TDP,0,12th Pass,Rs 226481020 ,Rs 3265000 
Bishnu Pada Ray,ANDAMAN & NICOBAR ISLANDS,BJP, 1 ,Graduate,Rs 5658980 ,Rs 175115 
Dharmendra Kumar,AONLA,BJP,0,10th Pass,Rs 5364652 ,Rs 0 
Hari G,ARAKKONAM,AIADMK, 4 ,Post Graduate,Rs 32966706 ,Rs 0 
Kothapalli Geetha,ARAKU,Yuvajana Sramika Rythu Congress Party,0,Post Graduate,Rs 65147467 ,Rs 43261606 
Aparupa Poddar (Afrin Ali),ARAMBAG,AITC,0,Post Graduate,Rs 3271869 ,Rs 200000 
V.Elumalai,ARANI,AIADMK,0,Graduate Professional,Rs 70492462 ,Rs 25000 
Raj Kumar Singh,ARRAH,BJP,0,Graduate Professional,Rs 48403293 ,Rs 0 
Ninong Ering,ARUNACHAL EAST,INC,0,Graduate,Rs 88065000 ,Rs 0 
Kiren Rijiju,ARUNACHAL WEST,BJP,0,Graduate Professional,Rs 12539868 ,Rs 475000 
Babul Supriya Boral (Babul Supriyo),ASANSOL,BJP,0,Graduate,Rs 75289537 ,Rs 14748456 
Ladu Kishore Swain,ASKA,BJD,0,Graduate,Rs 3488390 ,Rs 25000 
A Sampath,ATTINGAL,CPI(M), 1 ,Doctorate,Rs 17791149 ,Rs 1421392 
Chandrakant Bhaurao Khaire,AURANGABAD,SHS, 8 ,12th Pass,Rs 90614560 ,Rs 20307244 
Sushil Kumar Singh,AURANGABAD,BJP, 5 ,Post Graduate,Rs 127845854 ,Rs 7321626 
Biren Singh Engti,AUTONOMOUS DISTRICT,INC,0,Post Graduate,Rs 35367390 ,Rs 0 
Mulayam Singh Yadav,AZAMGARH,SP,0,Post Graduate,Rs 159671544 ,Rs 0 
Dharmandra Yadav,BADAUN,SP,0,Post Graduate,Rs 24987715 ,Rs 8950291 
P.C. Gaddigoudar,BAGALKOT,BJP,0,Graduate Professional,Rs 36362500 ,Rs 9589199 
Dr. Satyapal Singh,BAGHPAT,BJP,0,Doctorate,Rs 67402076 ,Rs 352000 
Adhir Ranjan Chowdhury,BAHARAMPUR,INC, 16 ,10th Pass,Rs 81465854 ,Rs 0 
Savitri Bai Foole,BAHRAICH,BJP, 8 ,Graduate,Rs 1121491 ,Rs 538145 
Bodhsingh Bhagat,BALAGHAT,BJP,0,Graduate,Rs 24959436 ,Rs 1393732 
Rabindra Kumar Jena,BALASORE,BJD,0,Post Graduate,Rs 570139716 ,Rs 55893020 
Bharat Singh,BALLIA,BJP, 3 ,Graduate,Rs 21130089 ,Rs 1102553 
Arpita Ghosh,BALURGHAT,AITC,0,Graduate,Rs 544790 ,Rs 0 
Chaudhry Haribhai Parthibhai,BANASKANTHA,BJP,0,Graduate,Rs 15773564 ,Rs 0 
Bhairon Prasad Mishra,BANDA,BJP, 2 ,12th Pass,Rs 50034910 ,Rs 600000 
P.C. Mohan,BANGALORE CENTRAL,BJP, 2 ,12th Pass,Rs 475796999 ,Rs 261111285 
D.V. Sadananda Gowda,BANGALORE NORTH,BJP,0,Graduate Professional,Rs 98888874 ,Rs 37020152 
D.K.Suresh,BANGALORE RURAL,INC, 8 ,12th Pass,Rs 858713138 ,Rs 184854756 
Ananth Kumar,BANGALORE SOUTH,BJP,0,Graduate Professional,Rs 45224706 ,Rs 2883233 
Kapil Krishna Thakur,BANGAON,AITC,0,Graduate,Rs 9667890 ,Rs 0 
Jaiprakash Narayan Yadav,BANKA,RJD, 2 ,Post Graduate,Rs 27846274 ,Rs 791539 
Sreemati Dev Varma (Moon Moon Sen),BANKURA,AITC,0,Post Graduate,Rs 15314000 ,Rs 1013000 
Kamlesh Paswan,BANSGAON,BJP,0,Graduate,Rs 101640625 ,Rs 14568500 
Manshankar Ninama,BANSWARA,BJP,0,8th Pass,Rs 4040285 ,Rs 870146 
Malyadri Sriram,BAPATLA,TDP,0,Post Graduate,Rs 45359744 ,Rs 0 
Priyanka Singh Rawat,BARABANKI,BJP,0,Post Graduate,Rs 13175500 ,Rs 1450000 
Supriya Sule,BARAMATI,NCP,0,Graduate,Rs 1139090851 ,Rs 0 
Muzaffar Hussain Baig,BARAMULLA,JKPDP,0,Post Graduate,Rs 200707183 ,Rs 11401285 
Dr. Kakali Ghoshdostidar,BARASAT,AITC,0,Graduate Professional,Rs 31254311 ,Rs 1168220 
Sunil Kumar Mondal,BARDHAMAN PURBA,AITC,0,Graduate Professional,Rs 11841000 ,Rs 1420000 
Mamtaz Sanghamita,BARDHAMAN-DURGAPUR,AITC,0,Post Graduate,Rs 107680000 ,Rs 0 
Parbhubhai Nagarbhai Vasava,BARDOLI,BJP, 1 ,Others,Rs 15909957 ,Rs 1353400 
Santosh Gangwar,BAREILLY,BJP,0,Graduate Professional,Rs 38602862 ,Rs 1777215 
Prabhas Kumar Singh,BARGARH,BJD,0,Doctorate,Rs 5786971 ,Rs 670000 
Col. Sona Ram,BARMER,BJP, 1 ,Graduate Professional,Rs 174678454 ,Rs 5584331 
Siraj Uddin Ajmal,BARPETA,AIUDF,0,Graduate,Rs 670806607 ,Rs 0 
Dinesh Trivedi,BARRACKPUR,AITC,0,Post Graduate,Rs 53582340 ,Rs 15661349 
Idris Ali,BASIRHAT,AITC, 9 ,Graduate Professional,Rs 9800277 ,Rs 0 
Dinesh Kashyap,BASTAR,BJP, 1 ,Post Graduate,Rs 16108199 ,Rs 2191216 
Harish Chandra,BASTI,BJP, 2 ,Post Graduate,Rs 5350882 ,Rs 860185 
Harsimrat Kaur Badal,BATHINDA,SAD,0,10th Pass,Rs 1081664910 ,Rs 412634299 
Munde Gopinathrao Pandurang,BEED,BJP, 3 ,Graduate Professional,Rs 380072890 ,Rs 335729817 
Bhola Singh,BEGUSARAI,BJP,0,Doctorate,Rs 25248102 ,Rs 0 
Suresh Angadi,BELGAUM,BJP, 1 ,Graduate Professional,Rs 417003065 ,Rs 366283849 
B Sreeramulu,BELLARY,BJP, 8 ,Graduate,Rs 151392844 ,Rs 4050947 
Sidhant Mohapatra,BERHAMPUR,BJD,0,Graduate,Rs 16462430 ,Rs 1183828 
Jyoti Dhurve,BETUL,BJP, 2 ,Post Graduate,Rs 26232000 ,Rs 1000000 
Virendra Singh,BHADOHI,BJP,0,Graduate,Rs 11531458 ,Rs 791186 
Arjun Charan Sethi,BHADRAK,BJD,0,Post Graduate,Rs 6730000 ,Rs 2424000 
Shailesh Kumar Urph Bulo Mandal,BHAGALPUR,RJD, 1 ,12th Pass,Rs 20216734 ,Rs 0 
Bahadur Singh,BHARATPUR,BJP,0,Literate,Rs 19142363 ,Rs 1333100 
Mansukhbhai Dhanjibhai Vasava,BHARUCH,BJP,0,Post Graduate,Rs 6571062 ,Rs 639000 
Shyal Bhartiben Dhirubhai,BHAVNAGAR,BJP,0,Graduate Professional,Rs 7748925 ,Rs 3072058 
Subhash Chandra Baheria,BHILWARA,BJP,0,Graduate,Rs 142870042 ,Rs 8665902 
Bhagirath Prasad,BHIND,BJP,0,Doctorate,Rs 21240286 ,Rs 3687610 
Kapil Moreshwar Patil,BHIWANDI,BJP,0,Graduate,Rs 363758831 ,Rs 10697367 
Dharambir,BHIWANI-MAHENDRAGARH,BJP,0,Graduate,Rs 50057200 ,Rs 4530000 
Dr. Narsaiah Boora,BHONGIR,TRS,0,Post Graduate,Rs 202983225 ,Rs 13574088 
Alok Sanjar,BHOPAL,BJP,0,Graduate Professional,Rs 14594066 ,Rs 300000 
Prasanna Kumar Patasani,BHUBANESWAR,BJD,0,Post Graduate,Rs 13557443 ,Rs 9590067 
Bhagwanth,BIDAR,BJP,0,Graduate Professional,Rs 56559290 ,Rs 16829000 
Ramesh Jigajinagi,BIJAPUR,BJP, 2 ,Graduate,Rs 89429828 ,Rs 5305043 
Kunwar Bhartendra,BIJNOR,BJP, 2 ,Post Graduate,Rs 24840646 ,Rs 0 
Arjun Ram Meghwal,BIKANER,BJP,0,Post Graduate,Rs 18142863 ,Rs 1216408 
Lakhanlal Sau S/O Kalyan Lal Sahu,BILASPUR,BJP,0,Post Graduate,Rs 8661133 ,Rs 306357 
Satabdi Roy(Banerjee),BIRBHUM,AITC,0,Graduate,Rs 54972174 ,Rs 5478944 
Saumitra Khan,BISHNUPUR,AITC, 1 ,12th Pass,Rs 1197255 ,Rs 0 
Kalikesh Narayan Singh Deo,BOLANGIR,BJD, 2 ,Graduate,Rs 87955818 ,Rs 24410449 
Anupam Hazra,BOLPUR,AITC,0,Doctorate,Rs 4866883 ,Rs 0 
Dr. Bhola Singh,BULANDSHAHR,BJP,0,Graduate,Rs 12577537 ,Rs 0 
Jadhav Prataprao Ganpatrao,BULDHANA,SHS, 2 ,12th Pass,Rs 36033147 ,Rs 684092 
Ashwini Kumar Choubey,BUXAR,BJP,0,Graduate,Rs 22094499 ,Rs 1923552 
Innocent,CHALAKUDY,IND,0,8th Pass,Rs 54474761 ,Rs 1303000 
R. Dhruvanarayana,CHAMARAJANAGAR,INC,0,Post Graduate,Rs 31519950 ,Rs 2605818 
Mahendra Nath,CHANDAULI,BJP,0,Doctorate,Rs 26489505 ,Rs 1114000 
Smt. Kirron Kher,CHANDIGARH,BJP,0,Post Graduate,Rs 335343871 ,Rs 1886187 
Dr. Harsh Vardhan,CHANDNI CHOWK,BJP, 2 ,Post Graduate,Rs 28229308 ,Rs 1780492 
Ahir Hansraj Gangaram,CHANDRAPUR,BJP, 11 ,10th Pass,Rs 15548000 ,Rs 99500 
Sunil Kumar Singh,CHATRA,BJP,0,Post Graduate,Rs 174744806 ,Rs 950052 
S.R. Vijayakumar,CHENNAI CENTRAL,AIADMK,0,Graduate Professional,Rs 13401510 ,Rs 350483 
Venkatesh Babu .T.G,CHENNAI NORTH,AIADMK,0,Post Graduate,Rs 37038275 ,Rs 804032 
Dr. J. Jayavardhan,CHENNAI SOUTH,AIADMK,0,Graduate Professional,Rs 33959072 ,Rs 10981100 
Konda Vishweshwar Reddy,CHEVELLA,TRS,0,Post Graduate,Rs 5286230210 ,Rs 74111133 
Kamal Nath,CHHINDWARA,INC,0,Graduate,Rs 2069080434 ,Rs 51172087 
Rathwa Ramsingbhai Patalbhai,CHHOTA UDAIPUR,BJP,0,Post Graduate,Rs 39769675 ,Rs 9763903 
M.Chandrakasi,CHIDAMBARAM,AIADMK,0,Graduate,Rs 7243646 ,Rs 2020472 
M Veerappa Moily,CHIKKBALLAPUR,INC,0,Graduate Professional,Rs 137366682 ,Rs 39433827 
Prakash Hukkeri,CHIKKODI,INC,0,12th Pass,Rs 75717628 ,Rs 3635650 
B.N.Chandrappa,CHITRADURGA,INC,0,Post Graduate,Rs 48303759 ,Rs 13800000 
Naramalli Sivaprasad,CHITTOOR,TDP,0,Graduate Professional,Rs 14878003 ,Rs 0 
Chandra Prakash,CHITTORGARH,BJP,0,Graduate,Rs 14134693 ,Rs 687284 
Rahul Kaswan,CHURU,BJP,0,Graduate,Rs 25721266 ,Rs 5386104 
Nagarajan P.,COIMBATORE,AIADMK,0,Graduate Professional,Rs 34306545 ,Rs 2235538 
Renuka Sinha,COOCHBEHAR,AITC,0,Graduate Professional,Rs 13017282 ,Rs 0 
A.Arunmozhithevan,CUDDALORE,AIADMK, 9 ,Graduate Professional,Rs 15765250 ,Rs 0 
Bhartruhari Mahatab,CUTTACK,BJD,0,Post Graduate,Rs 88834098 ,Rs 0 
Natubhai G. Patel,DADRA & NAGAR HAVELI,BJP, 5 ,5th Pass,Rs 154760217 ,Rs 62286836 
Bhabhor Jasvantsinh Sumanbhai,DAHOD,BJP,0,Graduate Professional,Rs 19661231 ,Rs 1741547 
Nalin Kumar Katil,DAKSHINA KANNADA,BJP, 1 ,10th Pass,Rs 8789001 ,Rs 1493367 
Patel Lalubhai Babubhai,DAMAN & DIU,BJP,0,8th Pass,Rs 144931238 ,Rs 1234039 
Prahalad Singh Patel,DAMOH,BJP,0,Graduate Professional,Rs 39586235 ,Rs 12429302 
Kirti Azad,DARBHANGA,BJP, 4 ,Graduate,Rs 28531267 ,Rs 431860 
Surendrajeet Singh Ahluwalia,DARJEELING,BJP,0,Graduate Professional,Rs 23377223 ,Rs 443035 
Harish Chandra,DAUSA,BJP,0,Graduate,Rs 60394789 ,Rs 45000 
G.M. Siddeshwara,DAVANAGERE,BJP,0,10th Pass,Rs 232375703 ,Rs 17951455 
Kalraj Mishra,DEORIA,BJP,0,Post Graduate,Rs 55048193 ,Rs 0 
Manohar Untwal,DEWAS,BJP,0,12th Pass,Rs 6336490 ,Rs 1448086 
Pashupati Nath Singh,DHANBAD,BJP, 1 ,Graduate,Rs 24248150 ,Rs 0 
Savitri Thakur,DHAR,BJP,0,10th Pass,Rs 9606464 ,Rs 1582845 
Anbumani Ramadoss,DHARMAPURI,PMK, 8 ,Graduate Professional,Rs 314378451 ,Rs 41941065 
Pralhad Joshi,DHARWAD,BJP, 1 ,Graduate,Rs 41979658 ,Rs 6739989 
Rekha,DHAURAHRA,BJP,0,12th Pass,Rs 10435468 ,Rs 2375000 
Tathagata Satpathy,DHENKANAL,BJD, 7 ,Others,Rs 35434099 ,Rs 0 
Badruddin Ajmal,DHUBRI,AIUDF, 1 ,Post Graduate,Rs 432748134 ,Rs 0 
Bhamare Subhash Ramrao,DHULE,BJP,0,Post Graduate,Rs 125833320 ,Rs 660757 
Abhishek Banerjee,DIAMOND HARBOUR,AITC,0,Post Graduate,Rs 15199272 ,Rs 0 
Rameshwar Teli,DIBRUGARH,BJP,0,10th Pass,Rs 977943 ,Rs 0 
Udhaya Kumar .M,DINDIGUL,AIADMK,0,Post Graduate,Rs 27810000 ,Rs 2800000 
Chavan Harishchandra Deoram,DINDORI,BJP, 1 ,Graduate,Rs 37240147 ,Rs 881137 
Jagdambika Pal,DOMARIYAGANJ,BJP,0,Post Graduate,Rs 17822082 ,Rs 4981555 
Saugata Roy,DUM DUM,AITC,0,Post Graduate,Rs 19452010 ,Rs 2500000 
Shibu Soren,DUMKA,JMM,0,10th Pass,Rs 46760684 ,Rs 1479721 
Tamradwaj Sahu,DURG,INC,0,12th Pass,Rs 21002226 ,Rs 1777720 
Mahesh Giri,EAST DELHI,BJP, 1 ,10th Pass,Rs 5216375 ,Rs 400000 
Venkateswara Rao Maganti,ELURU,TDP, 2 ,10th Pass,Rs 129394729 ,Rs 55294433 
K.V. Thomas,ERNAKULAM,INC,0,Post Graduate,Rs 11848550 ,Rs 522352 
Selvakumara Chinnayan S,ERODE,AIADMK,0,Post Graduate,Rs 47459708 ,Rs 0 
Rajvir Singh,ETAH,BJP,0,Graduate Professional,Rs 251921157 ,Rs 46898091 
Ashok Kumar Doharey,ETAWAH,BJP,0,Graduate,Rs 12252688 ,Rs 0 
Lallu Singh,FAIZABAD,BJP, 1 ,Post Graduate,Rs 15127861 ,Rs 3640964 
Krishan Pal,FARIDABAD,BJP,0,Graduate Professional,Rs 296440144 ,Rs 19707475 
Prof. Sadhu Singh,FARIDKOT,AAP,0,Post Graduate,Rs 5879516 ,Rs 70000 
Mukesh Rajput,FARRUKHABAD,BJP,0,Graduate,Rs 26178100 ,Rs 151603 
Harinder Singh Khalsa,FATEHGARH SAHIB,AAP,0,Post Graduate,Rs 35588128 ,Rs 6700000 
Sadhavi Niranjan Jyoti,FATEHPUR,BJP, 1 ,12th Pass,Rs 3763779 ,Rs 176616 
Babulal,FATEHPUR SIKRI,BJP, 3 ,12th Pass,Rs 73028848 ,Rs 16390000 
Akshay Yadav,FIROZABAD,SP,0,Graduate,Rs 100883304 ,Rs 59377 
Sher Singh Ghubaya,FIROZPUR,SAD,0,10th Pass,Rs 96121057 ,Rs 5133876 
Ashok Mahadeorao Nete,GADCHIROLI-CHIMUR,BJP,0,12th Pass,Rs 12125676 ,Rs 5830550 
Lal Krishna Advani,GANDHINAGAR,BJP, 1 ,Graduate Professional,Rs 75915276 ,Rs 0 
Nihalchand,GANGANAGAR,BJP,0,Graduate,Rs 10861172 ,Rs 1611557 
(Maj Gen (Retd.) ) Bhuwan Chandra Khanduri (Avsm),GARHWAL,BJP,0,Graduate Professional,Rs 44357368 ,Rs 0 
Smt. Bijoya Chakraborty,GAUHATI,BJP,0,Post Graduate,Rs 12574493 ,Rs 0 
Mahesh Sharma,GAUTAM BUDHHA NAGAR,BJP,0,Graduate Professional,Rs 473797545 ,Rs 40905738 
Hari Manjhi,GAYA,BJP, 1 ,8th Pass,Rs 10184120 ,Rs 2000000 
Deepak Adhikari (Dev),GHATAL,AITC,0,10th Pass,Rs 152447159 ,Rs 17493227 
Vijay Kumar Singh,GHAZIABAD,BJP, 2 ,Doctorate,Rs 41137044 ,Rs 2026774 
Manoj Sinha,GHAZIPUR,BJP,0,Graduate Professional,Rs 23376901 ,Rs 118700 
Harinarayan Rajbhar,GHOSI,BJP,0,Literate,Rs 23403964 ,Rs 0 
Ravindra Kumar Pandey,GIRIDIH,BJP,0,Graduate,Rs 73376970 ,Rs 1970628 
Nishikant Dubey,GODDA,BJP, 5 ,Post Graduate,Rs 155633719 ,Rs 0 
Kirti Vardhan Singh,GONDA,BJP,0,Post Graduate,Rs 74738429 ,Rs 9275782 
Janak Ram,GOPALGANJ,BJP, 2 ,Post Graduate,Rs 10582664 ,Rs 1039000 
Mallikarjun Kharge,GULBARGA,INC,0,Graduate Professional,Rs 102220880 ,Rs 7410154 
Jyotiraditya M. Scindia,GUNA,INC,0,Post Graduate,Rs 330888751 ,Rs 795000 
Jayadev Galla,GUNTUR,TDP,0,Graduate,Rs 6830581361 ,Rs 202334283 
Vinod Khanna,GURDASPUR,BJP,0,Graduate,Rs 669343376 ,Rs 12695306 
Inderjit Singh,GURGAON,BJP,0,Graduate Professional,Rs 250698763 ,Rs 0 
Narendra Singh Tomar,GWALIOR,BJP, 1 ,Graduate,Rs 11412622 ,Rs 4531444 
Ram Vilas Paswan,HAJIPUR,LJP, 2 ,Post Graduate,Rs 9642023 ,Rs 0 
Kunwar Pushpendra Singh,HAMIRPUR,BJP, 1 ,Post Graduate,Rs 71265181 ,Rs 2825539 
Anurag Singh Thakur,HAMIRPUR,BJP, 10 ,Graduate,Rs 46535803 ,Rs 2074555 
Anshul Verma,HARDOI,BJP,0,Post Graduate,Rs 30385000 ,Rs 0 
Ramesh Pokhariyal Nishank,HARDWAR,BJP, 1 ,Doctorate,Rs 17917274 ,Rs 1860684 
H.D. Devegowda,HASSAN,JD(S),0,Others,Rs 42721242 ,Rs 8648283 
Rajesh Kumar,HATHRAS,BJP,0,Graduate Professional,Rs 5651457 ,Rs 0 
Raju Shetty,HATKANANGLE,Swabhimani Paksha, 12 ,10th Pass,Rs 9896221 ,Rs 1504152 
Udasi Shivakumar Channabasappa,HAVERI,BJP,0,Graduate,Rs 576693538 ,Rs 54423645 
Jayant Sinha,HAZARIBAGH,BJP,0,Post Graduate,Rs 556754579 ,Rs 86380600 
Kristappa Nimmala,HINDUPUR,TDP, 2 ,Graduate,Rs 35793637 ,Rs 998480 
Rajeev Shankarrao Satav,HINGOLI,INC,0,Graduate Professional,Rs 49681499 ,Rs 584357 
Dushyant Chautala,HISAR,INLD,0,Graduate,Rs 361326990 ,Rs 68744460 
Ratna De,HOOGHLY,AITC,0,Graduate Professional,Rs 18617757 ,Rs 0 
Uday Pratap Singh,HOSHANGABAD,BJP, 1 ,Graduate,Rs 133375092 ,Rs 3775714 
Vijay Sampla,HOSHIARPUR,BJP,0,10th Pass,Rs 15164322 ,Rs 4020543 
Prasun Banerjee,HOWRAH,AITC,0,Graduate,Rs 10041098 ,Rs 0 
Asaduddin Owaisi,HYDERABAD,All India Majlis-E-Ittehadul Muslimeen, 4 ,Graduate Professional,Rs 40611099 ,Rs 14000000 
Adv.Joice George,IDUKKI,IND, 4 ,Post Graduate,Rs 17396207 ,Rs 9417720 
Sumitra Mahajan,INDORE,BJP,0,Post Graduate,Rs 18732234 ,Rs 3539000 
Dr. Thokchom Meinya,INNER MANIPUR,INC,0,Doctorate,Rs 3825200 ,Rs 0 
Rakesh Singh Urf Ghanshyam Singh,JABALPUR,BJP, 1 ,Graduate,Rs 26564889 ,Rs 0 
Sugata Bose,JADAVPUR,AITC,0,Doctorate,Rs 46315770 ,Rs 0 
Kulamani Samal,JAGATSINGHPUR,BJD,0,Graduate Professional,Rs 25158570 ,Rs 0 
Dr. Arun Kumar,JAHANABAD,Rashtriya Lok Samta Party, 1 ,Doctorate,Rs 38846631 ,Rs 1000000 
Ramcharan Bohara,JAIPUR,BJP,0,12th Pass,Rs 135809546 ,Rs 23871000 
Rajyavardhan Singh Rathore,JAIPUR RURAL,BJP,0,Graduate,Rs 83734044 ,Rs 117065 
Rita Tarai,JAJPUR,BJD,0,12th Pass,Rs 1622003 ,Rs 0 
Santokh Singh Chaudhary,JALANDHAR,INC,0,Graduate Professional,Rs 104040531 ,Rs 6194323 
Bhanu Pratap Singh,JALAUN,BJP,0,Post Graduate,Rs 5774068 ,Rs 650000 
Patil Ashok Tapiram,JALGAON,BJP,0,Graduate,Rs 226180395 ,Rs 0 
Danve Raosaheb Dadarao,JALNA,BJP, 4 ,Graduate,Rs 184411862 ,Rs 8534130 
Devji Patel,JALORE,BJP,0,10th Pass,Rs 51846777 ,Rs 12780726 
Bijoy Chandra Barman,JALPAIGURI,AITC,0,Post Graduate,Rs 9396430 ,Rs 797019 
Jugal Kishore,JAMMU,BJP,0,10th Pass,Rs 26824308 ,Rs 300000 
Maadam Poonamben Hematbhai,JAMNAGAR,BJP,0,Graduate,Rs 174372249 ,Rs 62824615 
Bidyut Baran Mahato,JAMSHEDPUR,BJP, 8 ,12th Pass,Rs 16027526 ,Rs 715347 
Chirag Kumar Paswan,JAMUI,LJP,0,12th Pass,Rs 10414470 ,Rs 4458954 
Abhijit Mukherjee,JANGIPUR,INC,0,Graduate Professional,Rs 63014502 ,Rs 15160000 
Smt. Kamla Patle,JANJGIR-CHAMPA,BJP,0,12th Pass,Rs 18224350 ,Rs 0 
Krishna Pratap,JAUNPUR,BJP,0,Doctorate,Rs 40656909 ,Rs 4673939 
Pratima Mondal,JAYNAGAR,AITC,0,Post Graduate,Rs 10614252 ,Rs 0 
Dushyant,JHALAWAR-BARAN,BJP,0,Post Graduate,Rs 239006838 ,Rs 2798782 
Birendra Kumar Chaudhary,JHANJHARPUR,BJP,0,Post Graduate,Rs 5158792 ,Rs 0 
Uma Bharti,JHANSI,BJP, 13 ,5th Pass,Rs 14376218 ,Rs 0 
Uma Saren,JHARGRAM,AITC,0,Graduate Professional,Rs 499646 ,Rs 0 
Santosh Ahlawat,JHUNJHUNU,BJP,0,Post Graduate,Rs 35897048 ,Rs 5704000 
Gajendrasingh Shekhawat,JODHPUR,BJP,0,Post Graduate,Rs 143491494 ,Rs 92198588 
Kamakhya Prasad Tasa,JORHAT,BJP,0,Post Graduate,Rs 1694785 ,Rs 0 
Chudasama Rajeshbhai Naranbhai,JUNAGADH,BJP, 1 ,12th Pass,Rs 7446059 ,Rs 1110690 
Chavda Vinod Lakhmashi,KACHCHH,BJP,0,Graduate Professional,Rs 5618643 ,Rs 411255 
Avinash Reddy Yeduguri Sandinti,KADAPA,Yuvajana Sramika Rythu Congress Party, 1 ,Post Graduate,Rs 70480623 ,Rs 5547296 
Brij Bhusan Sharan Singh,KAISERGANJ,BJP, 2 ,Graduate Professional,Rs 61696767 ,Rs 11556027 
Thota Venkata Narasimham,KAKINADA,TDP,0,Graduate,Rs 17495976 ,Rs 120000 
Arka Keshari Deo,KALAHANDI,BJD,0,Graduate,Rs 69822063 ,Rs 831688 
Gourav Gogoi,KALIABOR,INC,0,Post Graduate,Rs 5473199 ,Rs 1042133 
K. Kamaraj,KALLAKURICHI,AIADMK,0,Post Graduate,Rs 35459256 ,Rs 544099 
Dr.Shrikant Eknath Shinde,KALYAN,SHS,0,Graduate Professional,Rs 998000 ,Rs 0 
Maragatham K,KANCHEEPURAM,AIADMK,0,12th Pass,Rs 18949050 ,Rs 4468600 
Hemendra Chandra Singh,KANDHAMAL,BJD, 2 ,Graduate,Rs 503907437 ,Rs 4786551 
Shanta Kumar,KANGRA,BJP,0,Graduate Professional,Rs 19852104 ,Rs 0 
Vikram Usendi,KANKER,BJP,0,10th Pass,Rs 23376000 ,Rs 869000 
Dimple Yadav,KANNAUJ,SP,0,Graduate,Rs 280516418 ,Rs 6917710 
Radhakrishnan P.,KANNIYAKUMARI,BJP,0,Graduate Professional,Rs 40963269 ,Rs 0 
P K Sreemathi,KANNUR,CPI(M), 8 ,Others,Rs 16939970 ,Rs 0 
Dr.Murli Manohar Joshi,KANPUR,BJP, 1 ,Doctorate,Rs 78410008 ,Rs 0 
Sisir Kumar Adhikari,KANTHI,AITC, 1 ,12th Pass,Rs 19498381 ,Rs 0 
Upendra Kushwaha,KARAKAT,Rashtriya Lok Samta Party, 4 ,Post Graduate,Rs 24829741 ,Rs 823834 
Manoj Rajoria,KARAULI-DHOLPUR,BJP,0,Post Graduate,Rs 28636113 ,Rs 3277324 
Radheshyam Biswas,KARIMGANJ,AIUDF,0,12th Pass,Rs 7068281 ,Rs 0 
Vinod Kumar Boinapally,KARIMNAGAR,TRS,0,Graduate Professional,Rs 97275990 ,Rs 0 
Ashwini Kumar,KARNAL,BJP, 6 ,Graduate,Rs 698638135 ,Rs 153937858 
Thambidurai.M,KARUR,AIADMK, 2 ,Doctorate,Rs 132457262 ,Rs 51481886 
P Karunakaran,KASARAGOD,CPI(M), 6 ,Post Graduate,Rs 5900345 ,Rs 0 
Shah Tariq Anwar,KATIHAR,NCP, 1 ,Graduate,Rs 104600951 ,Rs 20454853 
Vinod Kumar,KAUSHAMBI,BJP,0,Graduate,Rs 27091681 ,Rs 10932227 
Sri Baijayant Panda,KENDRAPARA,BJD,0,Graduate Professional,Rs 312432726 ,Rs 300000 
Sakuntala Laguri,KEONJHAR,BJD,0,10th Pass,Rs 101531625 ,Rs 0 
Ranjit Singh Brahmpura,KHADOOR SAHIB,SAD,0,8th Pass,Rs 177814755 ,Rs 4200000 
Choudhary Mahboob Ali Kaiser,KHAGARIA,LJP, 1 ,Graduate,Rs 66569502 ,Rs 0 
Nagendra Singh,KHAJURAHO,BJP,0,Graduate,Rs 44538002 ,Rs 0 
Ponguleti Srinivasa Reddy,KHAMMAM,Yuvajana Sramika Rythu Congress Party,0,12th Pass,Rs 346150516 ,Rs 1240000 
Nandkumar Singh Chouhan,KHANDWA,BJP,0,Post Graduate,Rs 40188989 ,Rs 9561188 
Subhash Patel,KHARGONE,BJP,0,Post Graduate,Rs 36138699 ,Rs 2300000 
Chauhan Devusinh Jesingbhai,KHEDA,BJP,0,12th Pass,Rs 9426376 ,Rs 1047919 
Ajay Kumar,KHERI,BJP, 2 ,Graduate Professional,Rs 26505977 ,Rs 10000000 
Karia Munda,KHUNTI,BJP,0,Post Graduate,Rs 7474796 ,Rs 0 
Mohammad Asrarul Haque,KISHANGANJ,INC, 2 ,Post Graduate,Rs 4616629 ,Rs 0 
Ravindra Kumar Ray,KODARMA,BJP,0,Doctorate,Rs 10564046 ,Rs 200000 
Naba Kumar Sarania,KOKRAJHAR,IND, 3 ,12th Pass,Rs 2155559 ,Rs 0 
K H Muniyappa,KOLAR,INC,0,Graduate Professional,Rs 184663000 ,Rs 27863000 
Dhananjay Bhimrao Mahadik,KOLHAPUR,NCP, 1 ,Graduate,Rs 448882000 ,Rs 71333000 
Subrata Bakshi,KOLKATA DAKSHIN ,AITC,0,Graduate Professional,Rs 10265428 ,Rs 168891 
Sudip Bandyopadhyay,KOLKATA UTTAR,AITC, 1 ,Graduate,Rs 22086278 ,Rs 450000 
N.K.Premachandran,KOLLAM,RSP, 1 ,Graduate Professional,Rs 16228989 ,Rs 3114638 
Sanganna A. Karadi,KOPPAL,BJP, 1 ,10th Pass,Rs 12127000 ,Rs 6848000 
Jhina Hikaka,KORAPUT,BJD,0,Post Graduate,Rs 8800000 ,Rs 0 
Dr. Banshilal Mahato,KORBA,BJP,0,Graduate Professional,Rs 72303762 ,Rs 382905 
Om Birla,KOTA,BJP, 2 ,Post Graduate,Rs 25870497 ,Rs 997366 
Jose K Mani,KOTTAYAM,KC(M),0,Post Graduate,Rs 26236371 ,Rs 0 
M .K Raghavan,KOZHIKODE,INC,0,Graduate,Rs 6164901 ,Rs 1558128 
Ashok Kumar.K,KRISHNAGIRI,AIADMK, 3 ,10th Pass,Rs 1176436 ,Rs 0 
Tapas Paul,KRISHNANAGAR,AITC, 4 ,Graduate,Rs 27829669 ,Rs 0 
Butta Renuka,KURNOOL,Yuvajana Sramika Rythu Congress Party, 1 ,10th Pass,Rs 2426240513 ,Rs 312279927 
Rajkumar Saini,KURUKSHETRA,BJP,0,Graduate,Rs 132880476 ,Rs 23262108 
Rajesh Pandey Urf Guddu,KUSHI NAGAR,BJP,0,Graduate,Rs 110407014 ,Rs 1107357 
Thupstan Chhewang,LADAKH,BJP,0,Graduate Professional,Rs 19852701 ,Rs 80000 
Sarbananda Sonowal,LAKHIMPUR,BJP,0,Graduate Professional,Rs 14497515 ,Rs 0 
Mohammed Faizal.P.P,LAKSHADWEEP,NCP, 3 ,Post Graduate,Rs 538119 ,Rs 0 
Neelam,LALGANJ,BJP, 1 ,Post Graduate,Rs 33863562 ,Rs 2631312 
Gaikwad Sunil Baliram,LATUR,BJP,0,Doctorate,Rs 17463251 ,Rs 0 
Sudarshan Bhagat,LOHARDAGA,BJP,0,Graduate,Rs 9031009 ,Rs 178967 
Raj Nath Singh,LUCKNOW,BJP,0,Post Graduate,Rs 29240729 ,Rs 0 
Ravneet Singh Bittu,LUDHIANA,INC,0,12th Pass,Rs 31509170 ,Rs 192000 
Ram Charitra Nishad,MACHHLISHAHR,BJP,0,12th Pass,Rs 8641278 ,Rs 0 
Konakalla Narayana Rao,MACHILIPATNAM,TDP,0,12th Pass,Rs 34850000 ,Rs 9800000 
Mohite Patil Vijaysinh Shankarrao,MADHA,NCP, 1 ,10th Pass,Rs 170253390 ,Rs 9774791 
Rajesh Ranjan Urf Pappu Yadav,MADHEPURA,RJD, 24 ,Graduate,Rs 81242966 ,Rs 956306 
Hukum Deo Narayan Yadav,MADHUBANI,BJP,0,Graduate,Rs 77978890 ,Rs 0 
R.Gopalakrishnan,MADURAI,AIADMK,0,Graduate,Rs 72503060 ,Rs 7406366 
Prof. Azmeera Seetaram Naik,MAHABUBABAD,TRS,0,Doctorate,Rs 8008000 ,Rs 4100000 
Pankaj,MAHARAJGANJ,BJP,0,12th Pass,Rs 191819151 ,Rs 2151048 
Janardan Singh Sigriwal,MAHARAJGANJ,BJP, 4 ,Graduate,Rs 4795223 ,Rs 14000 
Chandu Lal Sahu (Chandu Bhaiya) S/O Late Puneen Ram,MAHASAMUND,BJP,0,Graduate Professional,Rs 20879652 ,Rs 2700000 
A P Jithender Reddy,MAHBUBNAGAR,TRS, 4 ,Graduate,Rs 140831576 ,Rs 1386969 
Patel Jayshreeben Kanubhai,MAHESANA,BJP,0,10th Pass,Rs 13278493 ,Rs 1814057 
Mulayam Singh Yadav,MAINPURI,SP,0,Post Graduate,Rs 159671544 ,Rs 0 
E. Ahamed,MALAPPURAM,IUML,0,Graduate Professional,Rs 11818952 ,Rs 0 
Abu Hasem Kahn Chowdhury,MALDAHA DAKSHIN,INC,0,Doctorate,Rs 11560825 ,Rs 654320 
Mausam Noor,MALDAHA UTTAR,INC,0,Graduate Professional,Rs 9778222 ,Rs 28534 
Ch.Malla Reddy,MALKAJGIRI,TDP,0,12th Pass,Rs 488525332 ,Rs 6328146 
Ram Swaroop Sharma,MANDI,BJP,0,10th Pass,Rs 10178871 ,Rs 571823 
Faggan Singh Kulaste,MANDLA,BJP, 2 ,Post Graduate,Rs 25738420 ,Rs 98311 
Sudhir Gupta,MANDSOUR,BJP,0,Post Graduate,Rs 57429237 ,Rs 3058993 
C.S.Puttaraju,MANDYA,JD(S),0,12th Pass,Rs 45209196 ,Rs 11231000 
Ramen Deka,MANGALDOI,BJP,0,Graduate,Rs 14782357 ,Rs 5400953 
Deol Hema Malini Dharmendra,MATHURA,BJP,0,Doctorate,Rs 1782015620 ,Rs 231234174 
Choudhury Mohan Jatua,MATHURAPUR,AITC,0,Post Graduate,Rs 4857752 ,Rs 0 
Barne Shrirang Chandu,MAVAL,SHS, 2 ,8th Pass,Rs 665047926 ,Rs 11799786 
Kodikunnil Suresh,MAVELIKKARA,INC, 1 ,Graduate Professional,Rs 13251330 ,Rs 3439654 
Bharathi Mohan R.K,MAYILADUTHURAI,AIADMK, 1 ,12th Pass,Rs 7378589 ,Rs 969756 
Rama Chandra Hansdah,MAYURBHANJ,BJD,0,Graduate,Rs 3630888 ,Rs 0 
Kalvakuntla Chandrashekar Rao,MEDAK,TRS, 2 ,Graduate,Rs 151582464 ,Rs 78753620 
Sandhya Roy,MEDINIPUR,AITC,0,Literate,Rs 31031095 ,Rs 0 
Rajendra Agarwal,MEERUT,BJP, 2 ,Post Graduate,Rs 8803517 ,Rs 3074600 
Anupriya Singh Patel,MIRZAPUR,Apna Dal, 2 ,Post Graduate,Rs 26858156 ,Rs 1805603 
Anju Bala,MISRIKH,BJP,0,Post Graduate,Rs 37618214 ,Rs 1200000 
C. L. Ruala,MIZORAM,INC,0,Graduate,Rs 25733421 ,Rs 0 
Kaushal Kishore,MOHANLALGANJ,BJP, 2 ,12th Pass,Rs 21128221 ,Rs 0 
Kunwar Sarvesh Kumar,MORADABAD,BJP, 4 ,10th Pass,Rs 72866898 ,Rs 600000 
Anoop Mishra,MORENA,BJP,0,12th Pass,Rs 110523112 ,Rs 6878160 
Gopal Chinayya Shetty,MUMBAI NORTH,BJP, 10 ,5th Pass,Rs 95617889 ,Rs 0 
Poonam Mahajan Alias Poonam Vajendla Rao,MUMBAI NORTH CENTRAL,BJP,0,Others,Rs 1080867626 ,Rs 414479088 
Kirit Somaiya,MUMBAI NORTH EAST,BJP, 10 ,Doctorate,Rs 72156258 ,Rs 6593325 
Gajanan Chandrakant Kirtikar,MUMBAI NORTH WEST,SHS,0,Graduate,Rs 58352000 ,Rs 2257000 
Sawant Arvind Ganpat,MUMBAI SOUTH,SHS, 1 ,Graduate,Rs 13067446 ,Rs 0 
Shewale Rahul Ramesh,MUMBAI SOUTH CENTRAL,SHS, 1 ,Others,Rs 13304397 ,Rs 10502345 
Veena Devi,MUNGER,LJP,0,8th Pass,Rs 31162836 ,Rs 0 
Badaruddoza Khan,MURSHIDABAD,CPI(M),0,Graduate Professional,Rs 2758610 ,Rs 0 
Dr. Sanjeev Kumar Balyan,MUZAFFARNAGAR,BJP, 1 ,Doctorate,Rs 10794222 ,Rs 3090803 
Ajay Nishad,MUZAFFARPUR,BJP,0,Graduate,Rs 145712654 ,Rs 989888 
Prathap Simha,MYSORE,BJP,0,Post Graduate,Rs 6321591 ,Rs 4399048 
Balabhadra Majhi,NABARANGPUR,BJD,0,Graduate,Rs 52977088 ,Rs 705404 
Neiphiu Rio,NAGALAND,NPF,0,Graduate,Rs 315834264 ,Rs 0 
Gopal. Dr. K,NAGAPATTINAM,AIADMK,0,Graduate Professional,Rs 19074709 ,Rs 13629120 
Nandi Yellaiah,NAGARKURNOOL,INC,0,12th Pass,Rs 7048969 ,Rs 0 
C R Choudhary,NAGAUR,BJP,0,Post Graduate,Rs 17921949 ,Rs 0 
Yashwant Singh,NAGINA,BJP,0,Post Graduate,Rs 34806740 ,Rs 0 
Gadkari Nitin Jairam,NAGPUR,BJP, 4 ,Graduate Professional,Rs 153704475 ,Rs 19004037 
Bhagat Singh Koshyari,NAINITAL-UDHAMSINGH NAGAR,BJP,0,Post Graduate,Rs 5562704 ,Rs 0 
Kaushlendra Kumar,NALANDA,JD(U),0,12th Pass,Rs 11812717 ,Rs 477000 
Gutha Sukhender Reddy,NALGONDA,INC, 1 ,12th Pass,Rs 85907866 ,Rs 10103677 
Sundaram P.R,NAMAKKAL,AIADMK,0,Graduate,Rs 126539914 ,Rs 92677412 
Shri Chavan Ashokrao Shankarrao,NANDED,INC,0,Post Graduate,Rs 388758910 ,Rs 30513286 
Dr.Gavit Heena Vaijaykumar,NANDURBAR,BJP,0,Graduate Professional,Rs 131103963 ,Rs 7571753 
S.P.Y Reddy,NANDYAL,Yuvajana Sramika Rythu Congress Party, 2 ,Graduate Professional,Rs 219578079 ,Rs 1077820 
Rayapati Sambasiva Rao,NARASARAOPET,TDP, 2 ,Graduate,Rs 595838093 ,Rs 56263516 
Gokaraju Ganga Raju,NARSAPURAM,BJP, 1 ,Graduate,Rs 2883567122 ,Rs 168501286 
Godse Hement Tukaram,NASHIK,SHS, 1 ,12th Pass,Rs 83628253 ,Rs 23559648 
Patil Chandrakant Raghunath,NAVSARI,BJP, 7 ,10th Pass,Rs 744761133 ,Rs 405888122 
Giriraj Singh,NAWADA,BJP, 1 ,Graduate,Rs 50054771 ,Rs 0 
Mekapati Rajamohan Reddy,NELLORE,Yuvajana Sramika Rythu Congress Party, 2 ,Graduate Professional,Rs 361746068 ,Rs 0 
Smt. Meenakshi Lekhi,NEW DELHI,BJP,0,Graduate Professional,Rs 349916470 ,Rs 3275562 
Gopalakrishnan C.,NILGIRIS,AIADMK,0,Post Graduate,Rs 10941189 ,Rs 1224754 
Kalvakuntla Kavitha,NIZAMABAD,TRS, 8 ,Graduate Professional,Rs 61955750 ,Rs 3213119 
Manoj Tiwari,NORTH EAST DELHI,BJP,0,Post Graduate,Rs 199483924 ,Rs 34645630 
Shripad Yesso Naik,NORTH GOA,BJP,0,Graduate,Rs 37019154 ,Rs 837843 
Udit Raj,NORTH WEST DELHI,BJP, 1 ,Doctorate,Rs 44902363 ,Rs 0 
Rajen Gohain,NOWGONG,BJP, 1 ,Graduate Professional,Rs 24736544 ,Rs 5328287 
Yarram Venkata Subbareddy,ONGOLE,Yuvajana Sramika Rythu Congress Party,0,Post Graduate,Rs 735451548 ,Rs 240557614 
Gaikwad Ravindra Vishwanath,OSMANABAD,SHS, 8 ,Post Graduate,Rs 32852793 ,Rs 5962702 
Thangso Baite,OUTER MANIPUR,INC,0,Post Graduate,Rs 5947000 ,Rs 880000 
M B Rajesh,PALAKKAD,CPI(M), 11 ,Graduate Professional,Rs 4676316 ,Rs 700680 
Vishnu Dayal Ram,PALAMAU,BJP,0,Graduate,Rs 24753886 ,Rs 0 
P P Choudhary,PALI,BJP,0,Graduate Professional,Rs 353503467 ,Rs 7892216 
Chauhan Prabhatsinh Pratapsinh,PANCHMAHAL,BJP, 3 ,10th Pass,Rs 10464000 ,Rs 0 
Jadhav Sanjay (Bandu) Haribhau,PARBHANI,SHS, 7 ,10th Pass,Rs 31016711 ,Rs 5976851 
Dr. Sanjay Jayaswal,PASCHIM CHAMPARAN,BJP, 2 ,Post Graduate,Rs 35941299 ,Rs 6197804 
Ram Kripal Yadav,PATALIPUTRA,BJP, 1 ,Graduate,Rs 13989431 ,Rs 2100000 
Vaghela Liladharbhai Khodaji,PATAN,BJP,0,Graduate Professional,Rs 15384027 ,Rs 0 
Anto Antony,PATHANAMTHITTA,INC,0,Graduate,Rs 5410884 ,Rs 4211050 
Dr.Dharam Vira Gandhi,PATIALA,AAP,0,Graduate Professional,Rs 45115421 ,Rs 0 
Shatrughan Sinha,PATNA SAHIB,BJP, 1 ,Graduate,Rs 1317405961 ,Rs 168760929 
Balka Suman,PEDDAPALLE,TRS, 1 ,Post Graduate,Rs 7351329 ,Rs 620770 
R.P.Marutharajaa,PERAMBALUR,AIADMK,0,Post Graduate,Rs 24570213 ,Rs 0 
Maneka Sanjay Gandhi,PILIBHIT,BJP, 1 ,12th Pass,Rs 374132826 ,Rs 219202 
Mahendran.C,POLLACHI,AIADMK,0,Post Graduate,Rs 231430367 ,Rs 18128825 
R. Radhakrishnan,PONDICHERRY,All India N.R. Congress,0,Post Graduate,Rs 77724418 ,Rs 7658530 
E. T. Mohammed Basheer,PONNANI,IUML,0,10th Pass,Rs 13216259 ,Rs 0 
Radadiya Vithalbhai Hansrajbhai,PORBANDAR,BJP, 10 ,Graduate,Rs 73003639 ,Rs 316000 
Kuwar Harivansh Singh,PRATAPGARH,Apna Dal, 5 ,Graduate,Rs 383137665 ,Rs 149404112 
Anil Shirole,PUNE,BJP, 2 ,Graduate,Rs 227615279 ,Rs 4781007 
Pinaki Mishra,PURI,BJD,0,Graduate Professional,Rs 1370991203 ,Rs 19975839 
Santosh Kumar,PURNIA,JD(U), 3 ,12th Pass,Rs 22316594 ,Rs 1406515 
Mriganka Mahato,PURULIA,AITC,0,Graduate Professional,Rs 8895210 ,Rs 0 
Radha Mohan Singh,PURVI CHAMPARAN,BJP,0,Graduate,Rs 22558073 ,Rs 4270360 
Sonia Gandhi,RAE BARELI,INC,0,Others,Rs 92895288 ,Rs 0 
B.V.Nayak,RAICHUR,INC,0,Graduate Professional,Rs 73502466 ,Rs 0 
Geete Anant Gangaram,RAIGAD,SHS,0,10th Pass,Rs 44466487 ,Rs 23968087 
Md. Salim,RAIGANJ,CPI(M),0,Post Graduate,Rs 8318013 ,Rs 0 
Vishnudev Sai,RAIGARH,BJP,0,10th Pass,Rs 21576220 ,Rs 1819686 
Ramesh Bais,RAIPUR,BJP,0,12th Pass,Rs 73190135 ,Rs 274902 
Murali Mohan Maganti,RAJAHMUNDRY,TDP, 1 ,12th Pass,Rs 180822216 ,Rs 12245000 
P.V.Midhun Reddy,RAJAMPET,Yuvajana Sramika Rythu Congress Party, 1 ,Post Graduate,Rs 225984036 ,Rs 8183862 
Rodmal Nagar,RAJGARH,BJP,0,Graduate,Rs 28569974 ,Rs 3586473 
Mohanbhai Kalyanjibhai Kundariya,RAJKOT,BJP,0,8th Pass,Rs 39512950 ,Rs 2335530 
Vijay Kumar Hansdak,RAJMAHAL,JMM, 1 ,5th Pass,Rs 6863306 ,Rs 0 
Abhishek Singh,RAJNANDGAON,BJP,0,Graduate Professional,Rs 44093207 ,Rs 0 
Hari Om Singh Rathore,RAJSAMAND,BJP,0,Graduate,Rs 188310824 ,Rs 2728752 
Anwhar Raajhaa.A,RAMANATHAPURAM,AIADMK,0,Graduate,Rs 33582876 ,Rs 2700000 
Dr. Nepal Singh,RAMPUR,BJP,0,Doctorate,Rs 27136042 ,Rs 1614820 
Krupal Balaji Tumane,RAMTEK,SHS, 1 ,Graduate,Rs 46564362 ,Rs 216000 
Tapas Mandal,RANAGHAT,AITC,0,Doctorate,Rs 8169115 ,Rs 2383416 
Ramtahal Choudhary,RANCHI,BJP,0,10th Pass,Rs 10743950 ,Rs 0 
Dileep Singh Bhuriya,RATLAM,BJP,0,10th Pass,Rs 12259882 ,Rs 0 
Vinayak Bhaurao Raut,RATNAGIRI SINDHUDURG,SHS, 5 ,Post Graduate,Rs 44568629 ,Rs 2370842 
Khadase Raksha Nikhil,RAVER,BJP,0,Graduate,Rs 144222841 ,Rs 0 
Janardan Mishra,REWA,BJP,0,Graduate Professional,Rs 10156568 ,Rs 106977 
Chhote Lal,ROBERTSGANJ,BJP,0,5th Pass,Rs 3687361 ,Rs 55313 
Deepender Singh,ROHTAK,INC,0,Post Graduate,Rs 358749354 ,Rs 39310300 
Rathod Dipsinh Shankarsinh,SABARKANTHA,BJP,0,8th Pass,Rs 20700176 ,Rs 417585 
Laxmi Narayan Yadav,SAGAR,BJP, 1 ,Graduate Professional,Rs 23962099 ,Rs 956348 
Raghav Lakhanpal,SAHARANPUR,BJP,0,Post Graduate,Rs 35406431 ,Rs 0 
Pannerselvam.V,SALEM,AIADMK,0,Graduate Professional,Rs 32268097 ,Rs 253282 
Ravindra Kushawaha,SALEMPUR,BJP,0,12th Pass,Rs 7134477 ,Rs 0 
Ram Chandra Paswan,SAMASTIPUR,LJP, 3 ,10th Pass,Rs 13058612 ,Rs 0 
Nagendra Kumar Pradhan,SAMBALPUR,BJD,0,Graduate Professional,Rs 12796623 ,Rs 1461565 
Satya Pal Singh,SAMBHAL,BJP,0,Post Graduate,Rs 19904379 ,Rs 0 
Sanjaykaka Patil,SANGLI,BJP,0,10th Pass,Rs 108791027 ,Rs 19198050 
Bhagwant Mann,SANGRUR,AAP,0,12th Pass,Rs 43057512 ,Rs 16281200 
Sharad Tripathi,SANT KABIR NAGAR,BJP,0,Post Graduate,Rs 3697671 ,Rs 71800 
Rajiv Pratap Rudy,SARAN,BJP, 1 ,Post Graduate,Rs 62545997 ,Rs 1008658 
Chhedi Paswan,SASARAM,BJP,0,Post Graduate,Rs 35776803 ,Rs 275000 
Shrimant Chh. Udayanraje Pratapsinha Bhonsale,SATARA,NCP, 23 ,12th Pass,Rs 606089208 ,Rs 312941 
Ganesh Singh,SATNA,BJP, 2 ,Post Graduate,Rs 37800000 ,Rs 0 
Bandaru Dattatreya,SECUNDERABAD,BJP, 3 ,Graduate,Rs 98255148 ,Rs 405469 
Dalpat Singh Paraste,SHAHDOL,BJP,0,Graduate Professional,Rs 5524870 ,Rs 0 
Krishna Raj,SHAHJAHANPUR,BJP,0,Post Graduate,Rs 16506411 ,Rs 3612812 
Rama Devi,SHEOHAR,BJP, 6 ,Graduate Professional,Rs 308591850 ,Rs 0 
Vincent H. Pala,SHILLONG,INC,0,Graduate Professional,Rs 497108058 ,Rs 0 
Virender Kashyap,SHIMLA,BJP,0,Post Graduate,Rs 5228095 ,Rs 0 
B.S. Yeddyurappa,SHIMOGA,BJP, 8 ,12th Pass,Rs 69746267 ,Rs 500000 
Lokhande Sadashiv Kisan,SHIRDI,SHS, 1 ,10th Pass,Rs 38294539 ,Rs 1497168 
Adhalrao Shivaji Dattatrey,SHIRUR,SHS, 10 ,Others,Rs 253880475 ,Rs 61810866 
Daddan Mishra,SHRAWASTI,BJP,0,Post Graduate,Rs 20065527 ,Rs 228304 
Riti Pathak,SIDHI,BJP,0,Post Graduate,Rs 33416561 ,Rs 0 
Sumedha Nand Saraswati,SIKAR,BJP,0,Others,Rs 34311 ,Rs 0 
Prem Das Rai,SIKKIM,SDF,0,Post Graduate,Rs 32389223 ,Rs 0 
Sushmita Dev,SILCHAR,INC, 1 ,Post Graduate,Rs 87495844 ,Rs 12008613 
Laxman Giluwa,SINGHBHUM,BJP, 4 ,12th Pass,Rs 8094301 ,Rs 108145 
Charanjeet Singh,SIRSA,INLD,0,10th Pass,Rs 8146887 ,Rs 3260000 
Ram Kumar Sharma,SITAMARHI,Rashtriya Lok Samta Party,0,Post Graduate,Rs 9265000 ,Rs 82000 
Rajesh Kumar Singh,SITAPUR,BJP,0,Post Graduate,Rs 41418622 ,Rs 1265000 
Pr Senthilnathan,SIVAGANGA,AIADMK,0,Graduate Professional,Rs 49050835 ,Rs 7459581 
Om Prakash Yadav,SIWAN,BJP, 1 ,Graduate,Rs 2213023 ,Rs 1956467 
Sharad Bansode,SOLAPUR,BJP, 1 ,Graduate Professional,Rs 60152887 ,Rs 7604375 
Ramesh Kaushik,SONIPAT,BJP,0,Graduate Professional,Rs 142840716 ,Rs 0 
Ramesh Bidhuri,SOUTH DELHI,BJP, 4 ,Graduate Professional,Rs 147493056 ,Rs 0 
Adv. Narendra Keshav Sawaikar,SOUTH GOA,BJP,0,Graduate Professional,Rs 6260382 ,Rs 0 
Kalyan Banerjee,SREERAMPUR,AITC, 1 ,Graduate Professional,Rs 88512676 ,Rs 8582543 
Rammohannaidu Kinjarapu,SRIKAKULAM,TDP,0,Post Graduate,Rs 84173423 ,Rs 0 
Tariq Hameed Karra,SRINAGAR,JKPDP,0,Graduate Professional,Rs 984556436 ,Rs 1500000 
Ramachandran K.N. Thiru,SRIPERUMBUDUR,AIADMK,0,Post Graduate,Rs 936721057 ,Rs 80806268 
Feroze Varun Gandhi,SULTANPUR,BJP,0,Post Graduate,Rs 357318699 ,Rs 18119000 
Jual Oram,SUNDARGARH,BJP, 1 ,Others,Rs 24202170 ,Rs 0 
Ranjeet Ranjan,SUPAUL,INC, 5 ,12th Pass,Rs 81242965 ,Rs 0 
Jardosh Darshnaben Vikrambhai,SURAT,BJP,0,Graduate,Rs 18038444 ,Rs 2020458 
Fatepara Devajibhai Govindbhai,SURENDRANAGAR,BJP, 1 ,Literate,Rs 11685000 ,Rs 0 
Kamalbhan Singh,SURGUJA,BJP,0,Post Graduate,Rs 24773173 ,Rs 2995985 
Suvendu Adhikari,TAMLUK,AITC, 2 ,Post Graduate,Rs 6480767 ,Rs 0 
Mala Rajya Laxmi Shah,TEHRI GARHWAL,BJP,0,12th Pass,Rs 1662109875 ,Rs 14900000 
Vasanthi.M,TENKASI,AIADMK,0,Post Graduate,Rs 24014922 ,Rs 0 
Ram Prasad Sarmah,TEZPUR,BJP,0,Graduate Professional,Rs 6655300 ,Rs 0 
Vichare Rajan Baburao,THANE,SHS, 13 ,10th Pass,Rs 102091612 ,Rs 13054217 
Parasuraman.K,THANJAVUR,AIADMK,0,12th Pass,Rs 146049347 ,Rs 27954352 
Parthipan R.,THENI,AIADMK,0,Graduate,Rs 22047681 ,Rs 869650 
Dr. Shashi Tharoor,THIRUVANANTHAPURAM,INC,0,Doctorate,Rs 230275186 ,Rs 0 
Jeyasingh Thiyagaraj Natterjee.J,THOOTHUKKUDI,AIADMK,0,Post Graduate,Rs 9822294 ,Rs 0 
C N Jayadevan,THRISSUR,CPI, 3 ,Post Graduate,Rs 20041642 ,Rs 294000 
Dr. Virendra Kumar,TIKAMGARH,BJP,0,Doctorate,Rs 8764635 ,Rs 0 
P.Kumar S/O Palanivel,TIRUCHIRAPPALLI,AIADMK,0,Graduate Professional,Rs 18522597 ,Rs 1917891 
Prabakaran.K.R.P,TIRUNELVELI,AIADMK,0,Graduate Professional,Rs 2764500 ,Rs 0 
Varaprasad Rao Velagapalli,TIRUPATI,Yuvajana Sramika Rythu Congress Party,0,Doctorate,Rs 129128388 ,Rs 3132962 
V.Sathyabama,TIRUPPUR,AIADMK, 2 ,Post Graduate,Rs 28108573 ,Rs 2475755 
Venugopal. P. Dr.,TIRUVALLUR,AIADMK,0,Graduate Professional,Rs 28643502 ,Rs 1768538 
Vanaroja R,TIRUVANNAMALAI,AIADMK,0,Post Graduate,Rs 3700000 ,Rs 0 
Sukhbir Singh Jaunapuria,TONK-SAWAI MADHOPUR,BJP,0,12th Pass,Rs 714124612 ,Rs 0 
Jitendra Choudhury,TRIPURA EAST,CPI(M),0,12th Pass,Rs 11322979 ,Rs 2030773 
Sankar Prasad Datta,TRIPURA WEST,CPI(M), 1 ,Post Graduate,Rs 1320900 ,Rs 0 
S.P.Muddahanumegowda,TUMKUR,INC,0,Graduate Professional,Rs 30273812 ,Rs 0 
Purno Agitok Sangma,TURA,NPP,0,Post Graduate,Rs 215134618 ,Rs 0 
Arjunlal Meena,UDAIPUR,BJP,0,Post Graduate,Rs 17049951 ,Rs 8195866 
Dr. Jitendra Singh,UDHAMPUR,BJP,0,Graduate Professional,Rs 38464932 ,Rs 11881 
Shobha Karandlaje,UDUPI CHIKMAGALUR,BJP,0,Post Graduate,Rs 72089452 ,Rs 38119792 
Nityanand Rai,UJIARPUR,BJP, 1 ,Graduate,Rs 146743540 ,Rs 3965423 
Chintamani Malviya,UJJAIN,BJP,0,Doctorate,Rs 18888754 ,Rs 5483153 
Sultan Ahmed,ULUBERIA,AITC,0,Graduate,Rs 22792936 ,Rs 10878739 
Swami Sachchidanand Hari Sakshi,UNNAO,BJP, 8 ,Doctorate,Rs 32137597 ,Rs 0 
Anantkumar Hegde,UTTARA KANNADA,BJP,0,12th Pass,Rs 32367360 ,Rs 15139611 
Mullappally Ramachandran,VADAKARA,INC,0,Post Graduate,Rs 9225000 ,Rs 2160000 
Narendra Modi,VADODARA,BJP,0,Post Graduate,Rs 15157582 ,Rs 0 
Rama Kishore Singh,VAISHALI,LJP, 4 ,Graduate,Rs 21610218 ,Rs 3323006 
Satish Dubey,VALMIKI NAGAR,BJP, 3 ,10th Pass,Rs 6061576 ,Rs 626789 
Dr. K.C.Patel,VALSAD,BJP,0,Graduate Professional,Rs 131141867 ,Rs 2381344 
Narendra Modi,VARANASI,BJP,0,Post Graduate,Rs 16591582 ,Rs 0 
Senguttuvan B.,VELLORE,AIADMK,0,Post Graduate,Rs 9197355 ,Rs 440478 
Sushma Swaraj,VIDISHA,BJP,0,Graduate Professional,Rs 175516422 ,Rs 6500000 
Srinivas Kesineni,VIJAYAWADA,TDP, 3 ,10th Pass,Rs 1284122669 ,Rs 715462989 
S. Rajendran,VILUPPURAM,AIADMK,0,Graduate,Rs 6200000 ,Rs 2371331 
Radhakrishnan,VIRUDHUNAGAR,AIADMK,0,10th Pass,Rs 43736485 ,Rs 5273447 
Dr. Kambhampati Hari Babu,VISAKHAPATNAM,BJP,0,Doctorate,Rs 90103580 ,Rs 1854856 
Ashok Gajapathi Raju Pusapati,VIZIANAGARAM,TDP,0,10th Pass,Rs 39054905 ,Rs 0 
Kadiyam Srihari,WARANGAL,TRS, 6 ,Post Graduate,Rs 13495000 ,Rs 0 
Ramdas Chandrabhanji Tadas,WARDHA,BJP, 5 ,10th Pass,Rs 33628998 ,Rs 1749314 
M I Shanavas,WAYANAD,INC,0,Post Graduate,Rs 27122055 ,Rs 7711000 
Parvesh Sahib Singh,WEST DELHI,BJP, 1 ,Post Graduate,Rs 107235461 ,Rs 26650000 
Gawali Bhavana Pundlikrao,YAVATMAL-WASHIM,SHS, 4 ,Graduate,Rs 60886040 ,Rs 7368967 
B.B.Patil,ZAHIRABAD,TRS,0,Graduate,Rs 1023173039 ,Rs 83517670 
